{"cameraMode":{"drawMode":0,"name":"Shaded","section":"Shading Mode"},"sceneLighting":true,"audioPlay":false,"sceneViewState":{"m_AlwaysRefresh":false,"showFog":true,"showSkybox":true,"showFlares":true,"showImageEffects":true,"showParticleSystems":true,"showVisualEffectGraphs":true,"m_FxEnabled":true},"in2DMode":false,"pivot":{"x":7.131302356719971,"y":1.053252935409546,"z":-5.654534339904785},"rotation":{"x":0.020524650812149049,"y":0.9440181255340576,"z":-0.059843286871910098,"w":0.3236640989780426},"size":8.525333404541016,"orthographic":false}