{"cameraMode":{"drawMode":0,"name":"Shaded","section":"Shading Mode"},"sceneLighting":true,"audioPlay":false,"sceneViewState":{"m_AlwaysRefresh":false,"showFog":true,"showSkybox":true,"showFlares":true,"showImageEffects":true,"showParticleSystems":true,"showVisualEffectGraphs":true,"m_FxEnabled":true},"in2DMode":false,"pivot":{"x":1.4990932941436768,"y":3.089975357055664,"z":-2.267441749572754},"rotation":{"x":0.07217639684677124,"y":0.04336801543831825,"z":-0.0031313470099121334,"w":0.9964126348495483},"size":2.478642225265503,"orthographic":false}