{"cameraMode":{"drawMode":0,"name":"Shaded","section":"Shading Mode"},"sceneLighting":true,"audioPlay":false,"sceneViewState":{"m_AlwaysRefresh":false,"showFog":true,"showSkybox":true,"showFlares":true,"showImageEffects":true,"showParticleSystems":true,"showVisualEffectGraphs":true,"m_FxEnabled":true},"in2DMode":false,"pivot":{"x":23.007431030273439,"y":-9.825883865356446,"z":-29.887104034423829},"rotation":{"x":-0.07056528329849243,"y":-0.9145866632461548,"z":0.18234196305274964,"w":-0.35369667410850527},"size":27.487403869628908,"orthographic":false}