{"cameraMode":{"drawMode":0,"name":"Shaded","section":"Shading Mode"},"sceneLighting":true,"audioPlay":false,"sceneViewState":{"m_AlwaysRefresh":false,"showFog":true,"showSkybox":true,"showFlares":true,"showImageEffects":true,"showParticleSystems":true,"showVisualEffectGraphs":true,"m_FxEnabled":true},"in2DMode":false,"pivot":{"x":11.029156684875489,"y":1.3446197509765626,"z":3.3657562732696535},"rotation":{"x":0.034761421382427219,"y":0.7515234351158142,"z":-0.039720527827739719,"w":0.6575402021408081},"size":10.166618347167969,"orthographic":false}